{"stats":{"minecraft:picked_up":{"minecraft:dandelion":13,"minecraft:dirt":8},"minecraft:custom":{"minecraft:jump":14,"minecraft:time_since_rest":3648,"minecraft:play_one_minute":3648,"minecraft:leave_game":3,"minecraft:sprint_one_cm":1265,"minecraft:time_since_death":3648,"minecraft:walk_one_cm":2213,"minecraft:fly_one_cm":1297},"minecraft:used":{"minecraft:dirt":8,"minecraft:dandelion":12},"minecraft:mined":{"minecraft:grass":3,"minecraft:grass_block":4,"minecraft:dandelion":13,"minecraft:dirt":4}},"DataVersion":2586}