{"stats":{"minecraft:used":{"minecraft:dirt":8,"minecraft:dandelion":4},"minecraft:mined":{"minecraft:grass":3,"minecraft:grass_block":4,"minecraft:dandelion":4,"minecraft:dirt":4},"minecraft:custom":{"minecraft:jump":10,"minecraft:time_since_rest":3311,"minecraft:play_one_minute":3311,"minecraft:leave_game":2,"minecraft:sprint_one_cm":942,"minecraft:time_since_death":3311,"minecraft:walk_one_cm":2019,"minecraft:fly_one_cm":502},"minecraft:picked_up":{"minecraft:dandelion":4,"minecraft:dirt":8}},"DataVersion":2586}